 C‡|ÂC‡|ÂC‡|ÂC‡|BC‡|BC‡|B  HDbritish_commando3   –Dbritish_airborne_med3     british_airborne_low3 ÿÿÿÿ     body@c_br_sas_hand.dds body@c_br_sas_hand.dds body@c_br_sas_hand.dds body@brit_cmndo_uparm.dds body@brit_cmndo_uparm.dds body@brit_cmndo_lowarm.dds body@brit_cmndo_lowarm.dds body@brit_cmndo_lowarm.dds body@brit_cmndo_lowarm.dds body@brit_airboots.dds body@brit_airboots.dds body@brit_airpants.dds body@brit_airpants.dds body@brit_cmndo_tunicup.dds body@brit_cmndo_tunicup.dds body@brit_cmndo_tuniclow.dds  body@c_br_sas_hand.dds body@c_br_sas_hand.dds body@brit_smock.dds body@brit_uparm.dds body@brit_lowarm.dds body@brit_aircrotch.dds body@brit_airpants.dds body@brit_airboots.dds 
 body@c_br_sas_hand.dds body@c_br_sas_hand.dds body@brit_smock.dds body@brit_uparm.dds body@brit_lowarm.dds body@brit_lowarm.dds body@brit_lowarm.dds body@brit_aircrotch.dds body@brit_airpants.dds body@brit_airboots.dds 